{
  "returned_dict": {
    "loss": 0.05942272445739389,
    "status": "ok",
    "start_time": 1767798852.6442661,
    "duration": 7.609573602676392
  },
  "current_params": {
    "units": [
      100,
      200,
      300,
      500
    ],
    "sr": 0.011515934979393815,
    "lr": 0.001862702864047193,
    "ridge": 0.0002158520132034636,
    "seed": 42
  }
}