{
  "returned_dict": {
    "loss": 0.05917387256761556,
    "status": "ok",
    "start_time": 1767798850.3131468,
    "duration": 7.481234312057495
  },
  "current_params": {
    "units": [
      100,
      200,
      300,
      500
    ],
    "sr": 0.057470726115040525,
    "lr": 0.007599434450298697,
    "ridge": 9.364812541005597e-05,
    "seed": 42
  }
}