{
  "returned_dict": {
    "loss": 0.05998340416023875,
    "status": "ok",
    "start_time": 1767797503.9733381,
    "duration": 9.705252885818481
  },
  "current_params": {
    "units": [
      100,
      200,
      300,
      500
    ],
    "sr": 0.09996768484940544,
    "lr": 0.025625210040238214,
    "ridge": 1.3703394308082874e-07,
    "seed": 42
  }
}