{
  "returned_dict": {
    "loss": 0.0590041736271729,
    "status": "ok",
    "start_time": 1767797497.6937368,
    "duration": 7.330144882202148
  },
  "current_params": {
    "units": [
      100,
      200,
      300,
      500
    ],
    "sr": 0.16427751954957745,
    "lr": 0.01295370709482183,
    "ridge": 0.0036357158464469788,
    "seed": 42
  }
}