{
  "returned_dict": {
    "loss": 0.05912535090979456,
    "status": "ok",
    "start_time": 1767797503.6510959,
    "duration": 8.678682088851929
  },
  "current_params": {
    "units": [
      100,
      200,
      300,
      500
    ],
    "sr": 0.013128800527954558,
    "lr": 0.0029031433196504202,
    "ridge": 0.00012539889785680294,
    "seed": 42
  }
}