{
  "returned_dict": {
    "loss": 0.0593673969266216,
    "status": "ok",
    "start_time": 1767798838.1479852,
    "duration": 7.873396635055542
  },
  "current_params": {
    "units": [
      100,
      200,
      300,
      500
    ],
    "sr": 0.022420962165238707,
    "lr": 0.026737129446658965,
    "ridge": 2.2985613207873046e-07,
    "seed": 42
  }
}