{
  "returned_dict": {
    "loss": 0.05956597370826472,
    "status": "ok",
    "start_time": 1767797524.287192,
    "duration": 6.996393203735352
  },
  "current_params": {
    "units": [
      100,
      200,
      300,
      500
    ],
    "sr": 0.10674925683633639,
    "lr": 0.008026685880247415,
    "ridge": 6.049166783078155e-05,
    "seed": 42
  }
}