{
  "returned_dict": {
    "loss": 0.059892226829868535,
    "status": "ok",
    "start_time": 1767798931.209219,
    "duration": 7.9209394454956055
  },
  "current_params": {
    "units": [
      100,
      200,
      300,
      500
    ],
    "sr": 0.318722754906302,
    "lr": 0.22474737466287856,
    "ridge": 9.680131164124152e-05,
    "seed": 42
  }
}