{
  "returned_dict": {
    "loss": 0.05993233400218987,
    "status": "ok",
    "start_time": 1767798844.1389086,
    "duration": 6.49503231048584
  },
  "current_params": {
    "units": [
      100,
      200,
      300,
      500
    ],
    "sr": 0.010468164658156504,
    "lr": 0.22949494952928898,
    "ridge": 9.752257042290213e-05,
    "seed": 42
  }
}