{
  "returned_dict": {
    "loss": 0.059490016811917464,
    "status": "ok",
    "start_time": 1767798912.0114584,
    "duration": 4.976473331451416
  },
  "current_params": {
    "units": [
      100,
      200,
      300,
      500
    ],
    "sr": 0.041049747862413076,
    "lr": 0.04610567249984423,
    "ridge": 2.4149243836288045e-08,
    "seed": 42
  }
}