{
  "returned_dict": {
    "loss": 0.05919625733487866,
    "status": "ok",
    "start_time": 1767797529.1939888,
    "duration": 6.751328468322754
  },
  "current_params": {
    "units": [
      100,
      200,
      300,
      500
    ],
    "sr": 0.03517002293747904,
    "lr": 0.008276941247686733,
    "ridge": 2.987565348861047e-05,
    "seed": 42
  }
}