{
  "returned_dict": {
    "loss": 0.05978276134808102,
    "status": "ok",
    "start_time": 1767798936.4043033,
    "duration": 6.530929803848267
  },
  "current_params": {
    "units": [
      100,
      200,
      300,
      500
    ],
    "sr": 0.025768301692843165,
    "lr": 0.12273293649724261,
    "ridge": 4.7526699254744624e-06,
    "seed": 42
  }
}