{
  "returned_dict": {
    "loss": 0.05919625733487866,
    "status": "ok",
    "start_time": 1767798861.172014,
    "duration": 7.507713317871094
  },
  "current_params": {
    "units": [
      100,
      200,
      300,
      500
    ],
    "sr": 0.03517002293747904,
    "lr": 0.008276941247686733,
    "ridge": 2.987565348861047e-05,
    "seed": 42
  }
}