{
  "returned_dict": {
    "loss": 0.06400831444085116,
    "status": "ok",
    "start_time": 1767796132.8665402,
    "duration": 11.45633339881897
  },
  "current_params": {
    "units": [
      100,
      200,
      300,
      500
    ],
    "sr": 0.2110587971343112,
    "lr": 0.6508476857182399,
    "ridge": 2.6938183952722658e-05,
    "seed": 42
  }
}