{
  "returned_dict": {
    "loss": 0.06295621719762919,
    "status": "ok",
    "start_time": 1767798920.033504,
    "duration": 7.5791168212890625
  },
  "current_params": {
    "units": [
      100,
      200,
      300,
      500
    ],
    "sr": 0.776237295757358,
    "lr": 0.008651669568208025,
    "ridge": 0.0009852780515323223,
    "seed": 42
  }
}