{
  "returned_dict": {
    "loss": 0.06403485177802341,
    "status": "ok",
    "start_time": 1767797064.9819686,
    "duration": 5.52340292930603
  },
  "current_params": {
    "units": [
      100,
      200,
      300,
      500
    ],
    "sr": 0.010468164658156504,
    "lr": 0.22949494952928898,
    "ridge": 9.752257042290213e-05,
    "seed": 42
  }
}