{
  "returned_dict": {
    "loss": 0.06186001828330784,
    "status": "ok",
    "start_time": 1767797531.671393,
    "duration": 6.446723699569702
  },
  "current_params": {
    "units": [
      100,
      200,
      300,
      500
    ],
    "sr": 0.3771055270469186,
    "lr": 0.08903070341397012,
    "ridge": 3.211189439049536e-08,
    "seed": 42
  }
}