{
  "returned_dict": {
    "loss": 0.06007427818182091,
    "status": "ok",
    "start_time": 1767798861.1841457,
    "duration": 6.122509241104126
  },
  "current_params": {
    "units": [
      100,
      200,
      300,
      500
    ],
    "sr": 0.029998838415488605,
    "lr": 0.37140081487923676,
    "ridge": 0.00035572728605292686,
    "seed": 42
  }
}