{
  "returned_dict": {
    "loss": 0.06666779659158868,
    "status": "ok",
    "start_time": 1767797521.9420288,
    "duration": 7.564619541168213
  },
  "current_params": {
    "units": [
      100,
      200,
      300,
      500
    ],
    "sr": 0.17643826972393276,
    "lr": 0.0030465992939497405,
    "ridge": 1.014538776135733e-05,
    "seed": 42
  }
}