{
  "returned_dict": {
    "loss": 0.06286083961748257,
    "status": "ok",
    "start_time": 1767797497.1715665,
    "duration": 7.3424317836761475
  },
  "current_params": {
    "units": [
      100,
      200,
      300,
      500
    ],
    "sr": 1.7129776945584148,
    "lr": 0.07852233350555968,
    "ridge": 0.00035361154885694664,
    "seed": 42
  }
}