{
  "returned_dict": {
    "loss": 0.06411084296625448,
    "status": "ok",
    "start_time": 1767796493.9487422,
    "duration": 10.897963523864746
  },
  "current_params": {
    "units": [
      100,
      200,
      300,
      500
    ],
    "sr": 0.12497580682773848,
    "lr": 0.27673312922183185,
    "ridge": 1.0042400083925783e-07,
    "seed": 42
  }
}