{
  "returned_dict": {
    "loss": 0.06410418910862821,
    "status": "ok",
    "start_time": 1767796101.0454879,
    "duration": 13.7588951587677
  },
  "current_params": {
    "units": [
      100,
      200,
      300,
      500
    ],
    "sr": 0.318722754906302,
    "lr": 0.22474737466287856,
    "ridge": 9.680131164124152e-05,
    "seed": 42
  }
}