{
  "returned_dict": {
    "loss": 0.06723328752117962,
    "status": "ok",
    "start_time": 1767796471.0162933,
    "duration": 12.163571119308472
  },
  "current_params": {
    "units": [
      100,
      200,
      300,
      500
    ],
    "sr": 0.013128800527954558,
    "lr": 0.0029031433196504202,
    "ridge": 0.00012539889785680294,
    "seed": 42
  }
}