{
  "returned_dict": {
    "loss": 0.06448899597697702,
    "status": "ok",
    "start_time": 1767796303.5764859,
    "duration": 10.040834903717041
  },
  "current_params": {
    "units": [
      100,
      200,
      300,
      500
    ],
    "sr": 0.011522506555821035,
    "lr": 0.7510651999348723,
    "ridge": 7.83106126583481e-06,
    "seed": 42
  }
}