{
  "returned_dict": {
    "loss": 0.062306479025715594,
    "status": "ok",
    "start_time": 1767798837.9479916,
    "duration": 6.1842851638793945
  },
  "current_params": {
    "units": [
      100,
      200,
      300,
      500
    ],
    "sr": 1.0235067688329762,
    "lr": 0.7989676538770207,
    "ridge": 9.014718067142268e-07,
    "seed": 42
  }
}