{
  "returned_dict": {
    "loss": 0.06308311486256567,
    "status": "ok",
    "start_time": 1767797497.010229,
    "duration": 7.069000005722046
  },
  "current_params": {
    "units": [
      100,
      200,
      300,
      500
    ],
    "sr": 1.1331651898291246,
    "lr": 0.22813552366256118,
    "ridge": 5.870590616328628e-08,
    "seed": 42
  }
}