{
  "returned_dict": {
    "loss": 0.061173351618220705,
    "status": "ok",
    "start_time": 1767798923.9244623,
    "duration": 7.265820741653442
  },
  "current_params": {
    "units": [
      100,
      200,
      300,
      500
    ],
    "sr": 0.8002399064161738,
    "lr": 0.21988069097489774,
    "ridge": 5.668845923413354e-06,
    "seed": 42
  }
}