{
  "returned_dict": {
    "loss": 0.06279057119004317,
    "status": "ok",
    "start_time": 1767798831.451787,
    "duration": 6.448951244354248
  },
  "current_params": {
    "units": [
      100,
      200,
      300,
      500
    ],
    "sr": 1.227111877391865,
    "lr": 0.02073171926369453,
    "ridge": 0.0014177103811040001,
    "seed": 42
  }
}