{
  "returned_dict": {
    "loss": 0.06420039568455314,
    "status": "ok",
    "start_time": 1767796512.1401107,
    "duration": 11.58545732498169
  },
  "current_params": {
    "units": [
      100,
      200,
      300,
      500
    ],
    "sr": 0.029998838415488605,
    "lr": 0.37140081487923676,
    "ridge": 0.00035572728605292686,
    "seed": 42
  }
}