{
  "returned_dict": {
    "loss": 0.06725147085269544,
    "status": "ok",
    "start_time": 1767796237.8428776,
    "duration": 15.717381715774536
  },
  "current_params": {
    "units": [
      100,
      200,
      300,
      500
    ],
    "sr": 0.16427751954957745,
    "lr": 0.01295370709482183,
    "ridge": 0.0036357158464469788,
    "seed": 42
  }
}