{
  "returned_dict": {
    "loss": 0.061765381053321605,
    "status": "ok",
    "start_time": 1767798845.8518953,
    "duration": 6.784123182296753
  },
  "current_params": {
    "units": [
      100,
      200,
      300,
      500
    ],
    "sr": 0.6367948532862285,
    "lr": 0.025899335315803292,
    "ridge": 2.462729081730933e-05,
    "seed": 42
  }
}