{
  "returned_dict": {
    "loss": 0.06406132221546118,
    "status": "ok",
    "start_time": 1767797056.0547688,
    "duration": 4.716951847076416
  },
  "current_params": {
    "units": [
      100,
      200,
      300,
      500
    ],
    "sr": 0.09054301536060687,
    "lr": 0.8167592716599777,
    "ridge": 0.002284161083418189,
    "seed": 42
  }
}