{
  "returned_dict": {
    "loss": 0.060048528887385856,
    "status": "ok",
    "start_time": 1767798919.9325125,
    "duration": 7.612382411956787
  },
  "current_params": {
    "units": [
      100,
      200,
      300,
      500
    ],
    "sr": 0.6424034729213948,
    "lr": 0.02048593340612814,
    "ridge": 0.0009909897815599529,
    "seed": 42
  }
}