{
  "returned_dict": {
    "loss": 0.060123713997213606,
    "status": "ok",
    "start_time": 1767798868.6937733,
    "duration": 6.87344217300415
  },
  "current_params": {
    "units": [
      100,
      200,
      300,
      500
    ],
    "sr": 0.2110587971343112,
    "lr": 0.6508476857182399,
    "ridge": 2.6938183952722658e-05,
    "seed": 42
  }
}