{
  "returned_dict": {
    "loss": 0.060225825593040516,
    "status": "ok",
    "start_time": 1767798912.0317962,
    "duration": 5.237415075302124
  },
  "current_params": {
    "units": [
      100,
      200,
      300,
      500
    ],
    "sr": 0.09054301536060687,
    "lr": 0.8167592716599777,
    "ridge": 0.002284161083418189,
    "seed": 42
  }
}