{
  "returned_dict": {
    "loss": 0.06120406701999542,
    "status": "ok",
    "start_time": 1767798867.311945,
    "duration": 7.427898645401001
  },
  "current_params": {
    "units": [
      100,
      200,
      300,
      500
    ],
    "sr": 0.37005526429883223,
    "lr": 0.01098017883616012,
    "ridge": 3.511502232707522e-05,
    "seed": 42
  }
}