{
  "returned_dict": {
    "loss": 0.06481728024349952,
    "status": "ok",
    "start_time": 1767797531.2896268,
    "duration": 6.582779884338379
  },
  "current_params": {
    "units": [
      100,
      200,
      300,
      500
    ],
    "sr": 0.8745989212538826,
    "lr": 0.019782406389761847,
    "ridge": 5.805679327476635e-05,
    "seed": 42
  }
}