{
  "returned_dict": {
    "loss": 0.06459486403610666,
    "status": "ok",
    "start_time": 1767796471.951786,
    "duration": 12.12371277809143
  },
  "current_params": {
    "units": [
      100,
      200,
      300,
      500
    ],
    "sr": 1.0235067688329762,
    "lr": 0.7989676538770207,
    "ridge": 9.014718067142268e-07,
    "seed": 42
  }
}