{
  "returned_dict": {
    "loss": 0.06443777963003426,
    "status": "ok",
    "start_time": 1767796508.8308487,
    "duration": 11.926199197769165
  },
  "current_params": {
    "units": [
      100,
      200,
      300,
      500
    ],
    "sr": 0.018203559411252845,
    "lr": 0.5102784053150136,
    "ridge": 5.42822372671586e-06,
    "seed": 42
  }
}