{
  "returned_dict": {
    "loss": 0.06036200057209586,
    "status": "ok",
    "start_time": 1767797533.3199172,
    "duration": 7.354546308517456
  },
  "current_params": {
    "units": [
      100,
      200,
      300,
      500
    ],
    "sr": 0.3855094900628735,
    "lr": 0.0032492184125318055,
    "ridge": 0.0035540268971900025,
    "seed": 42
  }
}