{
  "returned_dict": {
    "loss": 0.06500474633712351,
    "status": "ok",
    "start_time": 1767796280.5767584,
    "duration": 12.320884704589844
  },
  "current_params": {
    "units": [
      100,
      200,
      300,
      500
    ],
    "sr": 0.025768301692843165,
    "lr": 0.12273293649724261,
    "ridge": 4.7526699254744624e-06,
    "seed": 42
  }
}