{
  "returned_dict": {
    "loss": 0.06502675463938985,
    "status": "ok",
    "start_time": 1767798831.368961,
    "duration": 5.380137205123901
  },
  "current_params": {
    "units": [
      100,
      200,
      300,
      500
    ],
    "sr": 0.7623868423300402,
    "lr": 0.0019166024706981722,
    "ridge": 0.007140590204667276,
    "seed": 42
  }
}