{
  "returned_dict": {
    "loss": 0.06042324059271915,
    "status": "ok",
    "start_time": 1767798912.0001376,
    "duration": 5.326416254043579
  },
  "current_params": {
    "units": [
      100,
      200,
      300,
      500
    ],
    "sr": 0.5467296738432678,
    "lr": 0.2939576994059531,
    "ridge": 4.575991330248481e-06,
    "seed": 42
  }
}