{
  "returned_dict": {
    "loss": 0.06424501009529228,
    "status": "ok",
    "start_time": 1767795853.6033378,
    "duration": 9.56447434425354
  },
  "current_params": {
    "units": [
      100,
      200,
      300,
      500
    ],
    "sr": 0.09054301536060687,
    "lr": 0.8167592716599777,
    "ridge": 0.002284161083418189,
    "seed": 42
  }
}