{
  "returned_dict": {
    "loss": 0.06286083961748257,
    "status": "ok",
    "start_time": 1767798912.0217495,
    "duration": 7.9042229652404785
  },
  "current_params": {
    "units": [
      100,
      200,
      300,
      500
    ],
    "sr": 1.7129776945584148,
    "lr": 0.07852233350555968,
    "ridge": 0.00035361154885694664,
    "seed": 42
  }
}