{
  "returned_dict": {
    "loss": 0.060287362157672386,
    "status": "ok",
    "start_time": 1767798940.560399,
    "duration": 7.205470561981201
  },
  "current_params": {
    "units": [
      100,
      200,
      300,
      500
    ],
    "sr": 0.018203559411252845,
    "lr": 0.5102784053150136,
    "ridge": 5.42822372671586e-06,
    "seed": 42
  }
}