{
  "returned_dict": {
    "loss": 0.06401912071150428,
    "status": "ok",
    "start_time": 1767797512.9809804,
    "duration": 8.94588303565979
  },
  "current_params": {
    "units": [
      100,
      200,
      300,
      500
    ],
    "sr": 1.1606705617723172,
    "lr": 0.08019641600450211,
    "ridge": 2.0964108751746223e-05,
    "seed": 42
  }
}