{
  "returned_dict": {
    "loss": 0.06401879173670412,
    "status": "ok",
    "start_time": 1767798937.793717,
    "duration": 6.8347008228302
  },
  "current_params": {
    "units": [
      100,
      200,
      300,
      500
    ],
    "sr": 3.9457806967831837,
    "lr": 0.5317923335242434,
    "ridge": 0.00015784935181449466,
    "seed": 42
  }
}