{
  "returned_dict": {
    "loss": 0.06415813602705207,
    "status": "ok",
    "start_time": 1767796261.417278,
    "duration": 15.222220420837402
  },
  "current_params": {
    "units": [
      100,
      200,
      300,
      500
    ],
    "sr": 0.010468164658156504,
    "lr": 0.22949494952928898,
    "ridge": 9.752257042290213e-05,
    "seed": 42
  }
}