{
  "returned_dict": {
    "loss": 0.0687630891227422,
    "status": "ok",
    "start_time": 1767797056.0557742,
    "duration": 4.51190972328186
  },
  "current_params": {
    "units": [
      100,
      200,
      300,
      500
    ],
    "sr": 0.5467296738432678,
    "lr": 0.2939576994059531,
    "ridge": 4.575991330248481e-06,
    "seed": 42
  }
}