{
  "returned_dict": {
    "loss": 0.06561336747202198,
    "status": "ok",
    "start_time": 1767797516.647596,
    "duration": 7.633555173873901
  },
  "current_params": {
    "units": [
      100,
      200,
      300,
      500
    ],
    "sr": 0.15089926829755468,
    "lr": 0.004403054067781239,
    "ridge": 2.8259980793326663e-06,
    "seed": 42
  }
}