{
  "returned_dict": {
    "loss": 0.06501937402867931,
    "status": "ok",
    "start_time": 1767797538.1246707,
    "duration": 6.269206523895264
  },
  "current_params": {
    "units": [
      100,
      200,
      300,
      500
    ],
    "sr": 0.1896416349476767,
    "lr": 0.006323055434023884,
    "ridge": 9.759194736213153e-07,
    "seed": 42
  }
}