{
  "returned_dict": {
    "loss": 0.06631105591773118,
    "status": "ok",
    "start_time": 1767796483.046523,
    "duration": 10.773978471755981
  },
  "current_params": {
    "units": [
      100,
      200,
      300,
      500
    ],
    "sr": 0.8002399064161738,
    "lr": 0.21988069097489774,
    "ridge": 5.668845923413354e-06,
    "seed": 42
  }
}