{
  "returned_dict": {
    "loss": 0.0626918881119469,
    "status": "ok",
    "start_time": 1767798870.3421905,
    "duration": 5.82148003578186
  },
  "current_params": {
    "units": [
      100,
      200,
      300,
      500
    ],
    "sr": 0.2542606754417296,
    "lr": 0.020736448664669373,
    "ridge": 1.3479459533957588e-08,
    "seed": 42
  }
}