{
  "returned_dict": {
    "loss": 0.06036200057209586,
    "status": "ok",
    "start_time": 1767798947.7719092,
    "duration": 10.065508842468262
  },
  "current_params": {
    "units": [
      100,
      200,
      300,
      500
    ],
    "sr": 0.3855094900628735,
    "lr": 0.0032492184125318055,
    "ridge": 0.0035540268971900025,
    "seed": 42
  }
}