{
  "returned_dict": {
    "loss": 0.06433948349822483,
    "status": "ok",
    "start_time": 1767796287.7712793,
    "duration": 10.1238431930542
  },
  "current_params": {
    "units": [
      100,
      200,
      300,
      500
    ],
    "sr": 0.0521885284168252,
    "lr": 0.8082191418328011,
    "ridge": 0.00047044128091235657,
    "seed": 42
  }
}