{
  "returned_dict": {
    "loss": 0.06987687109664623,
    "status": "ok",
    "start_time": 1767797526.139974,
    "duration": 6.851162910461426
  },
  "current_params": {
    "units": [
      100,
      200,
      300,
      500
    ],
    "sr": 0.8607263865104078,
    "lr": 0.022288688076120708,
    "ridge": 4.2998110462198256e-07,
    "seed": 42
  }
}