{
  "returned_dict": {
    "loss": 0.060376218436318276,
    "status": "ok",
    "start_time": 1767798948.8216033,
    "duration": 6.9354188442230225
  },
  "current_params": {
    "units": [
      100,
      200,
      300,
      500
    ],
    "sr": 0.011522506555821035,
    "lr": 0.7510651999348723,
    "ridge": 7.83106126583481e-06,
    "seed": 42
  }
}