{
  "returned_dict": {
    "loss": 0.060225825593040516,
    "status": "ok",
    "start_time": 1767798831.5001278,
    "duration": 6.48393702507019
  },
  "current_params": {
    "units": [
      100,
      200,
      300,
      500
    ],
    "sr": 0.09054301536060687,
    "lr": 0.8167592716599777,
    "ridge": 0.002284161083418189,
    "seed": 42
  }
}