{
  "returned_dict": {
    "loss": 0.06028782914728284,
    "status": "ok",
    "start_time": 1767798939.1192396,
    "duration": 9.627490520477295
  },
  "current_params": {
    "units": [
      100,
      200,
      300,
      500
    ],
    "sr": 0.0521885284168252,
    "lr": 0.8082191418328011,
    "ridge": 0.00047044128091235657,
    "seed": 42
  }
}