{
  "returned_dict": {
    "loss": 0.06485937077449423,
    "status": "ok",
    "start_time": 1767795895.6282735,
    "duration": 10.624552726745605
  },
  "current_params": {
    "units": [
      100,
      200,
      300,
      500
    ],
    "sr": 3.9457806967831837,
    "lr": 0.5317923335242434,
    "ridge": 0.00015784935181449466,
    "seed": 42
  }
}