{
  "returned_dict": {
    "loss": 0.06741460910275644,
    "status": "ok",
    "start_time": 1767796279.0205214,
    "duration": 11.181349515914917
  },
  "current_params": {
    "units": [
      100,
      200,
      300,
      500
    ],
    "sr": 0.011515934979393815,
    "lr": 0.001862702864047193,
    "ridge": 0.0002158520132034636,
    "seed": 42
  }
}