{
  "returned_dict": {
    "loss": 0.06448941582530664,
    "status": "ok",
    "start_time": 1767796237.859286,
    "duration": 14.848824501037598
  },
  "current_params": {
    "units": [
      100,
      200,
      300,
      500
    ],
    "sr": 0.5467296738432678,
    "lr": 0.2939576994059531,
    "ridge": 4.575991330248481e-06,
    "seed": 42
  }
}