{
  "returned_dict": {
    "loss": 0.06041822788486262,
    "status": "ok",
    "start_time": 1767797519.2284777,
    "duration": 6.344208478927612
  },
  "current_params": {
    "units": [
      100,
      200,
      300,
      500
    ],
    "sr": 0.12497580682773848,
    "lr": 0.27673312922183185,
    "ridge": 1.0042400083925783e-07,
    "seed": 42
  }
}