{
  "returned_dict": {
    "loss": 0.0725690801041143,
    "status": "ok",
    "start_time": 1767796291.4160507,
    "duration": 12.155207872390747
  },
  "current_params": {
    "units": [
      100,
      200,
      300,
      500
    ],
    "sr": 0.03517002293747904,
    "lr": 0.008276941247686733,
    "ridge": 2.987565348861047e-05,
    "seed": 42
  }
}