{
  "returned_dict": {
    "loss": 0.07916723664619336,
    "status": "ok",
    "start_time": 1767797060.836646,
    "duration": 5.192466974258423
  },
  "current_params": {
    "units": [
      100,
      200,
      300,
      500
    ],
    "sr": 1.0235067688329762,
    "lr": 0.7989676538770207,
    "ridge": 9.014718067142268e-07,
    "seed": 42
  }
}