{
  "returned_dict": {
    "loss": 0.07643477330704834,
    "status": "ok",
    "start_time": 1767797060.6526327,
    "duration": 4.323855400085449
  },
  "current_params": {
    "units": [
      100,
      200,
      300,
      500
    ],
    "sr": 0.013128800527954558,
    "lr": 0.0029031433196504202,
    "ridge": 0.00012539889785680294,
    "seed": 42
  }
}