{
  "returned_dict": {
    "loss": 0.07312703119646723,
    "status": "ok",
    "start_time": 1767796275.5384681,
    "duration": 10.206054210662842
  },
  "current_params": {
    "units": [
      100,
      200,
      300,
      500
    ],
    "sr": 0.057470726115040525,
    "lr": 0.007599434450298697,
    "ridge": 9.364812541005597e-05,
    "seed": 42
  }
}