{
  "returned_dict": {
    "loss": 0.07252998748100514,
    "status": "ok",
    "start_time": 1767797065.2248535,
    "duration": 6.393056869506836
  },
  "current_params": {
    "units": [
      100,
      200,
      300,
      500
    ],
    "sr": 0.8002399064161738,
    "lr": 0.21988069097489774,
    "ridge": 5.668845923413354e-06,
    "seed": 42
  }
}