{
  "returned_dict": {
    "loss": 0.07072869104625545,
    "status": "ok",
    "start_time": 1767796207.6752295,
    "duration": 9.010262489318848
  },
  "current_params": {
    "units": [
      100,
      200,
      300,
      500
    ],
    "sr": 1.1331651898291246,
    "lr": 0.22813552366256118,
    "ridge": 5.870590616328628e-08,
    "seed": 42
  }
}