{
  "returned_dict": {
    "loss": 0.08461861964999379,
    "status": "ok",
    "start_time": 1767795891.4273171,
    "duration": 11.624420881271362
  },
  "current_params": {
    "units": [
      100,
      200,
      300,
      500
    ],
    "sr": 0.10674925683633639,
    "lr": 0.008026685880247415,
    "ridge": 6.049166783078155e-05,
    "seed": 42
  }
}