{
  "returned_dict": {
    "loss": 0.0828542812795231,
    "status": "ok",
    "start_time": 1767798947.314515,
    "duration": 8.661489486694336
  },
  "current_params": {
    "units": [
      100,
      200,
      300,
      500
    ],
    "sr": 0.07767576115920119,
    "lr": 0.0027137670596893487,
    "ridge": 4.1727061922775973e-08,
    "seed": 42
  }
}