{
  "returned_dict": {
    "loss": 0.08916886719770084,
    "status": "ok",
    "start_time": 1767797056.0517728,
    "duration": 5.086944341659546
  },
  "current_params": {
    "units": [
      100,
      200,
      300,
      500
    ],
    "sr": 1.1331651898291246,
    "lr": 0.22813552366256118,
    "ridge": 5.870590616328628e-08,
    "seed": 42
  }
}