{
  "returned_dict": {
    "loss": 0.08374844097841727,
    "status": "ok",
    "start_time": 1767798848.0894005,
    "duration": 7.769191741943359
  },
  "current_params": {
    "units": [
      100,
      200,
      300,
      500
    ],
    "sr": 0.3230601222370629,
    "lr": 0.008163009354557887,
    "ridge": 1.5307596551917365e-08,
    "seed": 42
  }
}