{
  "returned_dict": {
    "loss": 0.08093537448937292,
    "status": "ok",
    "start_time": 1767797056.0587752,
    "duration": 5.085402488708496
  },
  "current_params": {
    "units": [
      100,
      200,
      300,
      500
    ],
    "sr": 0.16427751954957745,
    "lr": 0.01295370709482183,
    "ridge": 0.0036357158464469788,
    "seed": 42
  }
}