{
  "returned_dict": {
    "loss": 0.08180815621305686,
    "status": "ok",
    "start_time": 1767797532.2958808,
    "duration": 7.507462978363037
  },
  "current_params": {
    "units": [
      100,
      200,
      300,
      500
    ],
    "sr": 0.1325109312346381,
    "lr": 0.001333037975016116,
    "ridge": 9.203328322561722e-06,
    "seed": 42
  }
}