{
  "returned_dict": {
    "loss": 0.08336003955665572,
    "status": "ok",
    "start_time": 1767795911.899882,
    "duration": 10.643422365188599
  },
  "current_params": {
    "units": [
      100,
      200,
      300,
      500
    ],
    "sr": 0.3855094900628735,
    "lr": 0.0032492184125318055,
    "ridge": 0.0035540268971900025,
    "seed": 42
  }
}