{
  "returned_dict": {
    "loss": 0.09700253424280277,
    "status": "ok",
    "start_time": 1767796302.298084,
    "duration": 11.202442169189453
  },
  "current_params": {
    "units": [
      100,
      200,
      300,
      500
    ],
    "sr": 0.37005526429883223,
    "lr": 0.01098017883616012,
    "ridge": 3.511502232707522e-05,
    "seed": 42
  }
}