{
  "returned_dict": {
    "loss": 0.09724134763429326,
    "status": "ok",
    "start_time": 1767797060.9152699,
    "duration": 5.189056396484375
  },
  "current_params": {
    "units": [
      100,
      200,
      300,
      500
    ],
    "sr": 0.6424034729213948,
    "lr": 0.02048593340612814,
    "ridge": 0.0009909897815599529,
    "seed": 42
  }
}