{
  "returned_dict": {
    "loss": 0.09600172432926825,
    "status": "ok",
    "start_time": 1767795864.4377537,
    "duration": 13.528797149658203
  },
  "current_params": {
    "units": [
      100,
      200,
      300,
      500
    ],
    "sr": 0.6424034729213948,
    "lr": 0.02048593340612814,
    "ridge": 0.0009909897815599529,
    "seed": 42
  }
}