{
  "returned_dict": {
    "loss": 0.09914291298249567,
    "status": "ok",
    "start_time": 1767798840.9415395,
    "duration": 7.536975145339966
  },
  "current_params": {
    "units": [
      100,
      200,
      300,
      500
    ],
    "sr": 1.4860549252653668,
    "lr": 0.01453567275679802,
    "ridge": 5.369929989034604e-07,
    "seed": 42
  }
}