{
  "returned_dict": {
    "loss": 0.11249780365609986,
    "status": "ok",
    "start_time": 1767798855.8636515,
    "duration": 7.801530361175537
  },
  "current_params": {
    "units": [
      100,
      200,
      300,
      500
    ],
    "sr": 0.0947373828583164,
    "lr": 0.0018321024604076933,
    "ridge": 5.1054662866293716e-08,
    "seed": 42
  }
}