{
  "returned_dict": {
    "loss": 0.12449179577048351,
    "status": "ok",
    "start_time": 1767797060.8844357,
    "duration": 5.09649658203125
  },
  "current_params": {
    "units": [
      100,
      200,
      300,
      500
    ],
    "sr": 0.022420962165238707,
    "lr": 0.026737129446658965,
    "ridge": 2.2985613207873046e-07,
    "seed": 42
  }
}