{
  "returned_dict": {
    "loss": 0.12267366439110433,
    "status": "ok",
    "start_time": 1767796265.896647,
    "duration": 11.664215564727783
  },
  "current_params": {
    "units": [
      100,
      200,
      300,
      500
    ],
    "sr": 1.1606705617723172,
    "lr": 0.08019641600450211,
    "ridge": 2.0964108751746223e-05,
    "seed": 42
  }
}