{
  "returned_dict": {
    "loss": 0.1398081793898963,
    "status": "ok",
    "start_time": 1767797056.0547688,
    "duration": 4.562668800354004
  },
  "current_params": {
    "units": [
      100,
      200,
      300,
      500
    ],
    "sr": 1.7129776945584148,
    "lr": 0.07852233350555968,
    "ridge": 0.00035361154885694664,
    "seed": 42
  }
}