{
  "returned_dict": {
    "loss": 0.14525330711929318,
    "status": "ok",
    "start_time": 1767796070.3362613,
    "duration": 8.231616020202637
  },
  "current_params": {
    "units": [
      100,
      200,
      300,
      500
    ],
    "sr": 1.7129776945584148,
    "lr": 0.07852233350555968,
    "ridge": 0.00035361154885694664,
    "seed": 42
  }
}