{
  "returned_dict": {
    "loss": 0.1433799795036149,
    "status": "ok",
    "start_time": 1767796472.381792,
    "duration": 10.202942848205566
  },
  "current_params": {
    "units": [
      100,
      200,
      300,
      500
    ],
    "sr": 0.022420962165238707,
    "lr": 0.026737129446658965,
    "ridge": 2.2985613207873046e-07,
    "seed": 42
  }
}