{
  "returned_dict": {
    "loss": 0.1458359203234788,
    "status": "ok",
    "start_time": 1767796070.242648,
    "duration": 12.742715120315552
  },
  "current_params": {
    "units": [
      100,
      200,
      300,
      500
    ],
    "sr": 0.7623868423300402,
    "lr": 0.0019166024706981722,
    "ridge": 0.007140590204667276,
    "seed": 42
  }
}