{
  "returned_dict": {
    "loss": 0.15969072101653078,
    "status": "ok",
    "start_time": 1767797065.9850042,
    "duration": 7.3465495109558105
  },
  "current_params": {
    "units": [
      100,
      200,
      300,
      500
    ],
    "sr": 0.6367948532862285,
    "lr": 0.025899335315803292,
    "ridge": 2.462729081730933e-05,
    "seed": 42
  }
}