{
  "returned_dict": {
    "loss": 0.15897143952017329,
    "status": "ok",
    "start_time": 1767797056.0879517,
    "duration": 4.751694917678833
  },
  "current_params": {
    "units": [
      100,
      200,
      300,
      500
    ],
    "sr": 0.041049747862413076,
    "lr": 0.04610567249984423,
    "ridge": 2.4149243836288045e-08,
    "seed": 42
  }
}