{
  "returned_dict": {
    "loss": 0.15691901182057766,
    "status": "ok",
    "start_time": 1767795908.216722,
    "duration": 15.187896013259888
  },
  "current_params": {
    "units": [
      100,
      200,
      300,
      500
    ],
    "sr": 0.1325109312346381,
    "lr": 0.001333037975016116,
    "ridge": 9.203328322561722e-06,
    "seed": 42
  }
}