{
  "returned_dict": {
    "loss": 0.15831030729946596,
    "status": "ok",
    "start_time": 1767796123.3103547,
    "duration": 10.722284317016602
  },
  "current_params": {
    "units": [
      100,
      200,
      300,
      500
    ],
    "sr": 0.3771055270469186,
    "lr": 0.08903070341397012,
    "ridge": 3.211189439049536e-08,
    "seed": 42
  }
}