{
  "returned_dict": {
    "loss": 0.16009694515712222,
    "status": "ok",
    "start_time": 1767796070.316973,
    "duration": 9.945053100585938
  },
  "current_params": {
    "units": [
      100,
      200,
      300,
      500
    ],
    "sr": 0.041049747862413076,
    "lr": 0.04610567249984423,
    "ridge": 2.4149243836288045e-08,
    "seed": 42
  }
}