{
  "returned_dict": {
    "loss": 0.16958226711286475,
    "status": "ok",
    "start_time": 1767797056.1264193,
    "duration": 4.712231874465942
  },
  "current_params": {
    "units": [
      100,
      200,
      300,
      500
    ],
    "sr": 1.227111877391865,
    "lr": 0.02073171926369453,
    "ridge": 0.0014177103811040001,
    "seed": 42
  }
}