{
  "returned_dict": {
    "loss": 0.1738332682608613,
    "status": "ok",
    "start_time": 1767796483.4768665,
    "duration": 12.97356629371643
  },
  "current_params": {
    "units": [
      100,
      200,
      300,
      500
    ],
    "sr": 0.6367948532862285,
    "lr": 0.025899335315803292,
    "ridge": 2.462729081730933e-05,
    "seed": 42
  }
}