{
  "returned_dict": {
    "loss": 0.18655615763814648,
    "status": "ok",
    "start_time": 1767795889.6476655,
    "duration": 12.568085193634033
  },
  "current_params": {
    "units": [
      100,
      200,
      300,
      500
    ],
    "sr": 0.17643826972393276,
    "lr": 0.0030465992939497405,
    "ridge": 1.014538776135733e-05,
    "seed": 42
  }
}