{
  "returned_dict": {
    "loss": 0.19787683686387592,
    "status": "ok",
    "start_time": 1767797512.2194061,
    "duration": 6.839501857757568
  },
  "current_params": {
    "units": [
      100,
      200,
      300,
      500
    ],
    "sr": 0.34277996342701994,
    "lr": 0.0026265821854959317,
    "ridge": 4.8660934075587434e-08,
    "seed": 42
  }
}