{
  "returned_dict": {
    "loss": 0.20578664929838697,
    "status": "ok",
    "start_time": 1767796253.058414,
    "duration": 12.806941747665405
  },
  "current_params": {
    "units": [
      100,
      200,
      300,
      500
    ],
    "sr": 0.776237295757358,
    "lr": 0.008651669568208025,
    "ridge": 0.0009852780515323223,
    "seed": 42
  }
}