{
  "returned_dict": {
    "loss": 0.21053372993226951,
    "status": "ok",
    "start_time": 1767796237.5151484,
    "duration": 11.587401866912842
  },
  "current_params": {
    "units": [
      100,
      200,
      300,
      500
    ],
    "sr": 1.227111877391865,
    "lr": 0.02073171926369453,
    "ridge": 0.0014177103811040001,
    "seed": 42
  }
}