{
  "returned_dict": {
    "loss": 0.22775948607788563,
    "status": "ok",
    "start_time": 1767796267.5161908,
    "duration": 11.496285438537598
  },
  "current_params": {
    "units": [
      100,
      200,
      300,
      500
    ],
    "sr": 0.15089926829755468,
    "lr": 0.004403054067781239,
    "ridge": 2.8259980793326663e-06,
    "seed": 42
  }
}