{
  "returned_dict": {
    "loss": 0.23523966805143923,
    "status": "ok",
    "start_time": 1767796080.273112,
    "duration": 9.98321795463562
  },
  "current_params": {
    "units": [
      100,
      200,
      300,
      500
    ],
    "sr": 0.09996768484940544,
    "lr": 0.025625210040238214,
    "ridge": 1.3703394308082874e-07,
    "seed": 42
  }
}