{
  "returned_dict": {
    "loss": 0.2528120292160611,
    "status": "ok",
    "start_time": 1767797061.1840036,
    "duration": 4.273146152496338
  },
  "current_params": {
    "units": [
      100,
      200,
      300,
      500
    ],
    "sr": 0.776237295757358,
    "lr": 0.008651669568208025,
    "ridge": 0.0009852780515323223,
    "seed": 42
  }
}