{
  "returned_dict": {
    "loss": 0.25941535692977125,
    "status": "ok",
    "start_time": 1767795919.552918,
    "duration": 9.38864016532898
  },
  "current_params": {
    "units": [
      100,
      200,
      300,
      500
    ],
    "sr": 0.1896416349476767,
    "lr": 0.006323055434023884,
    "ridge": 9.759194736213153e-07,
    "seed": 42
  }
}