{
  "returned_dict": {
    "loss": 0.2775471882708549,
    "status": "ok",
    "start_time": 1767797056.061771,
    "duration": 4.7333900928497314
  },
  "current_params": {
    "units": [
      100,
      200,
      300,
      500
    ],
    "sr": 0.7623868423300402,
    "lr": 0.0019166024706981722,
    "ridge": 0.007140590204667276,
    "seed": 42
  }
}