{
  "returned_dict": {
    "loss": 0.28260547191555774,
    "status": "ok",
    "start_time": 1767796514.3996668,
    "duration": 13.914265155792236
  },
  "current_params": {
    "units": [
      100,
      200,
      300,
      500
    ],
    "sr": 0.8745989212538826,
    "lr": 0.019782406389761847,
    "ridge": 5.805679327476635e-05,
    "seed": 42
  }
}