{
  "returned_dict": {
    "loss": 0.28015613627384833,
    "status": "ok",
    "start_time": 1767798930.2424989,
    "duration": 7.314542055130005
  },
  "current_params": {
    "units": [
      100,
      200,
      300,
      500
    ],
    "sr": 2.010524160338645,
    "lr": 0.0050329018104216675,
    "ridge": 2.2377751672086832e-08,
    "seed": 42
  }
}