{
  "returned_dict": {
    "loss": 0.3601193669037242,
    "status": "ok",
    "start_time": 1767798916.9995377,
    "duration": 6.636463642120361
  },
  "current_params": {
    "units": [
      100,
      200,
      300,
      500
    ],
    "sr": 1.2613444786288164,
    "lr": 0.0038363314625091895,
    "ridge": 6.314311783487496e-06,
    "seed": 42
  }
}