{
  "returned_dict": {
    "loss": 0.4646967461293509,
    "status": "ok",
    "start_time": 1767796253.6608052,
    "duration": 13.844852685928345
  },
  "current_params": {
    "units": [
      100,
      200,
      300,
      500
    ],
    "sr": 1.4860549252653668,
    "lr": 0.01453567275679802,
    "ridge": 5.369929989034604e-07,
    "seed": 42
  }
}