{
  "returned_dict": {
    "loss": 0.48427876200592673,
    "status": "ok",
    "start_time": 1767798843.0220764,
    "duration": 6.096017360687256
  },
  "current_params": {
    "units": [
      100,
      200,
      300,
      500
    ],
    "sr": 0.69508016145293,
    "lr": 0.002625774647721951,
    "ridge": 1.5828844579213938e-07,
    "seed": 42
  }
}