{
  "returned_dict": {
    "loss": 0.5084048914017457,
    "status": "ok",
    "start_time": 1767796288.1415427,
    "duration": 10.123440504074097
  },
  "current_params": {
    "units": [
      100,
      200,
      300,
      500
    ],
    "sr": 0.8607263865104078,
    "lr": 0.022288688076120708,
    "ridge": 4.2998110462198256e-07,
    "seed": 42
  }
}