{
  "returned_dict": {
    "loss": 0.6052511776092211,
    "status": "ok",
    "start_time": 1767796307.4087465,
    "duration": 8.156513452529907
  },
  "current_params": {
    "units": [
      100,
      200,
      300,
      500
    ],
    "sr": 0.2542606754417296,
    "lr": 0.020736448664669373,
    "ridge": 1.3479459533957588e-08,
    "seed": 42
  }
}