{
  "returned_dict": {
    "loss": 0.7654723886540499,
    "status": "ok",
    "start_time": 1767797537.1064599,
    "duration": 6.860422611236572
  },
  "current_params": {
    "units": [
      100,
      200,
      300,
      500
    ],
    "sr": 1.2959221105009087,
    "lr": 0.0017708835338265268,
    "ridge": 8.316679876025239e-06,
    "seed": 42
  }
}