{
  "returned_dict": {
    "loss": 0.8381221063009133,
    "status": "ok",
    "start_time": 1767796267.395217,
    "duration": 15.772210836410522
  },
  "current_params": {
    "units": [
      100,
      200,
      300,
      500
    ],
    "sr": 0.3230601222370629,
    "lr": 0.008163009354557887,
    "ridge": 1.5307596551917365e-08,
    "seed": 42
  }
}