{
  "returned_dict": {
    "loss": 0.8659382580836376,
    "status": "ok",
    "start_time": 1767797061.1970963,
    "duration": 5.234445095062256
  },
  "current_params": {
    "units": [
      100,
      200,
      300,
      500
    ],
    "sr": 1.4860549252653668,
    "lr": 0.01453567275679802,
    "ridge": 5.369929989034604e-07,
    "seed": 42
  }
}