{
  "returned_dict": {
    "loss": 1.0414313706950913,
    "status": "ok",
    "start_time": 1767796297.903219,
    "duration": 10.851251363754272
  },
  "current_params": {
    "units": [
      100,
      200,
      300,
      500
    ],
    "sr": 0.07767576115920119,
    "lr": 0.0027137670596893487,
    "ridge": 4.1727061922775973e-08,
    "seed": 42
  }
}