{
  "returned_dict": {
    "loss": 1.2710728510352765,
    "status": "ok",
    "start_time": 1767796504.093162,
    "duration": 16.07623291015625
  },
  "current_params": {
    "units": [
      100,
      200,
      300,
      500
    ],
    "sr": 0.0947373828583164,
    "lr": 0.0018321024604076933,
    "ridge": 5.1054662866293716e-08,
    "seed": 42
  }
}