{
  "returned_dict": {
    "loss": 1.493922306785665,
    "status": "ok",
    "start_time": 1767796493.1538298,
    "duration": 10.929283142089844
  },
  "current_params": {
    "units": [
      100,
      200,
      300,
      500
    ],
    "sr": 2.010524160338645,
    "lr": 0.0050329018104216675,
    "ridge": 2.2377751672086832e-08,
    "seed": 42
  }
}