{
  "returned_dict": {
    "loss": 2.381969614542564,
    "status": "ok",
    "start_time": 1767797066.1106274,
    "duration": 6.58462119102478
  },
  "current_params": {
    "units": [
      100,
      200,
      300,
      500
    ],
    "sr": 0.3230601222370629,
    "lr": 0.008163009354557887,
    "ridge": 1.5307596551917365e-08,
    "seed": 42
  }
}