{
  "returned_dict": {
    "loss": 2.6198908707046553,
    "status": "ok",
    "start_time": 1767796483.191949,
    "duration": 10.733045816421509
  },
  "current_params": {
    "units": [
      100,
      200,
      300,
      500
    ],
    "sr": 0.34277996342701994,
    "lr": 0.0026265821854959317,
    "ridge": 4.8660934075587434e-08,
    "seed": 42
  }
}