{
  "returned_dict": {
    "loss": 3.181801844599919,
    "status": "ok",
    "start_time": 1767795861.817326,
    "duration": 11.895910263061523
  },
  "current_params": {
    "units": [
      100,
      200,
      300,
      500
    ],
    "sr": 1.2613444786288164,
    "lr": 0.0038363314625091895,
    "ridge": 6.314311783487496e-06,
    "seed": 42
  }
}