{
  "returned_dict": {
    "loss": 3.6378986447485055,
    "status": "ok",
    "start_time": 1767797065.4713693,
    "duration": 6.404038190841675
  },
  "current_params": {
    "units": [
      100,
      200,
      300,
      500
    ],
    "sr": 0.34277996342701994,
    "lr": 0.0026265821854959317,
    "ridge": 4.8660934075587434e-08,
    "seed": 42
  }
}