{
  "returned_dict": {
    "loss": 6.2964834786884545,
    "status": "ok",
    "start_time": 1767797060.6026437,
    "duration": 4.312685251235962
  },
  "current_params": {
    "units": [
      100,
      200,
      300,
      500
    ],
    "sr": 1.2613444786288164,
    "lr": 0.0038363314625091895,
    "ridge": 6.314311783487496e-06,
    "seed": 42
  }
}