{
  "returned_dict": {
    "loss": 6.3246381279852715,
    "status": "ok",
    "start_time": 1767796303.5981898,
    "duration": 10.661222219467163
  },
  "current_params": {
    "units": [
      100,
      200,
      300,
      500
    ],
    "sr": 1.2959221105009087,
    "lr": 0.0017708835338265268,
    "ridge": 8.316679876025239e-06,
    "seed": 42
  }
}