{
  "returned_dict": {
    "loss": 6.960749631472248,
    "status": "ok",
    "start_time": 1767796482.568611,
    "duration": 10.657291412353516
  },
  "current_params": {
    "units": [
      100,
      200,
      300,
      500
    ],
    "sr": 0.69508016145293,
    "lr": 0.002625774647721951,
    "ridge": 1.5828844579213938e-07,
    "seed": 42
  }
}