{
  "returned_dict": {
    "loss": 8.205420931587268,
    "status": "ok",
    "start_time": 1767797064.9213595,
    "duration": 8.27415919303894
  },
  "current_params": {
    "units": [
      100,
      200,
      300,
      500
    ],
    "sr": 0.69508016145293,
    "lr": 0.002625774647721951,
    "ridge": 1.5828844579213938e-07,
    "seed": 42
  }
}